{
	"Version": "2012-10-17",
	"Statement": [
		{
			"Sid": "AmazonML_s3:ListBucket",
			"Effect": "Allow",
			"Principal": {
				"Service": "machinelearning.amazonaws.com"
			},
			"Action": "s3:ListBucket",
			"Resource": "arn:aws:s3:::BUCKET_NAME"
		},
		{
			"Sid": "AmazonML_s3:GetObject",
			"Effect": "Allow",
			"Principal": {
				"Service": "machinelearning.amazonaws.com"
			},
			"Action": "s3:GetObject",
			"Resource": "arn:aws:s3:::BUCKET_NAME/*"
		},
		{
			"Sid": "AmazonML_s3:PutObject",
			"Effect": "Allow",
			"Principal": {
				"Service": "machinelearning.amazonaws.com"
			},
			"Action": "s3:PutObject",
			"Resource": "arn:aws:s3:::BUCKET_NAME/*"
		}
	]
}
